Store,External Store ID,Country,Country Code,City,Order ID,Order UUID,Order Status,Delivery Status,Scheduled?,Completed?,Online Order?,Canceled By,Menu Item Count,Currency Code,Ticket Size,Date Ordered,Time Customer Ordered,Cancellation Time,Time Merchant Accepted,Time to Accept,Original Prep Time,Prep Time Increased?,Increased Prep Time,Courier Arrival Time,Time Courier Started Trip,Time Courier Delivered,Total Delivery Time,Courier Wait Time (Restaurant),Courier Wait Time (Eater),Total Prep & Handoff Time,Order Duration,Delivery Batch Type,Fulfillment Type,Order Channel,Eats Brand,Subscription Pass,Workflow UUID
Garcon SuperSlice Pizza Pie Parlor,,United States,USA,Boston,C9098,3b32cd1f-3cd3-55f3-8459-fac0ad18e85a,completed,completed,0,1,0,,2,USD,51.0,2025-03-01,2025-03-01 12:02:50.000,,2025-03-01 12:03:04.000,0.23,12.45,0,0,2025-03-01 12:19:00.000,2025-03-01 12:22:00.000,2025-03-01 12:30:37.000,8.61,3,1.08,18.93,27.78,NON_BATCHED,Delivery,iOS,Uber Eats,,66b65fe8-d151-4701-9a75-fa4a840c9098
Garcon SuperSlice Pizza Pie Parlor,,United States,USA,Boston,D8661,27db7e61-ed73-5f8a-a7f1-8e19a728dc71,completed,completed,0,1,0,,2,USD,32.0,2025-03-01,2025-03-01 16:04:50.000,,2025-03-01 16:05:02.000,0.18,15.37,0,0,2025-03-01 16:20:04.000,2025-03-01 16:23:15.000,2025-03-01 16:38:38.000,15.38,3.18,0.43,18.22,33.78,NON_BATCHED,Delivery,iOS,Uber Eats,UBER_ONE,97c98f3d-464f-4f16-aa53-86382b9d8661
Garcon SuperSlice Pizza Pie Parlor,,United States,USA,Boston,595F5,08813cc5-5de0-510e-a775-8b9371bad053,completed,,0,1,0,,2,USD,29.0,2025-03-01,2025-03-01 17:38:01.000,,2025-03-01 17:38:15.000,0.23,15.42,0,0,,,,,0,,,,,Pickup,iOS,Postmates,,18181e78-e7e2-4dce-a2ed-01303a0595f5
Garcon SuperSlice Pizza Pie Parlor,,United States,USA,Boston,13E76,4c8aa2f8-affb-534d-8fe6-5daec12d36cc,completed,completed,0,1,0,,3,USD,59.0,2025-03-01,2025-03-01 17:38:44.000,,2025-03-01 17:38:51.000,0.1,17.98,0,0,2025-03-01 17:53:38.000,2025-03-01 18:12:23.000,2025-03-01 18:22:13.000,9.83,18.75,0.45,33.53,43.47,NON_BATCHED,Delivery,iOS,Uber Eats,UBER_ONE,7cae1429-adfd-4c11-bfc1-3a297be13e76
Garcon SuperSlice Pizza Pie Parlor,,United States,USA,Boston,4EE4C,ad7754c7-c8be-59a4-88f7-bb5d8725c26b,completed,completed,0,1,0,,2,USD,42.0,2025-03-01,2025-03-01 18:09:47.000,,2025-03-01 18:10:03.000,0.27,17.57,0,0,2025-03-01 18:23:09.000,2025-03-01 18:35:14.000,2025-03-01 18:43:27.000,8.21,12.08,1.12,25.18,33.67,MULTI_MERCHANT,Delivery,iOS,Uber Eats,,824b38e1-e88e-4f26-8d28-47981414ee4c
Garcon SuperSlice Pizza Pie Parlor,,United States,USA,Boston,C25A6,a21b9fa2-0318-5a86-9a5f-8537863031c3,completed,completed,0,1,0,,1,USD,23.0,2025-03-01,2025-03-01 18:57:16.000,,2025-03-01 18:57:27.000,0.18,14.23,0,0,2025-03-01 19:11:55.000,2025-03-01 19:18:32.000,2025-03-01 19:29:11.000,10.65,6.61,1.47,21.08,31.92,MULTI_MERCHANT,Delivery,iOS,Uber Eats,UBER_ONE,02dc33aa-1622-49e6-8b0a-4614a2ec25a6
Garcon SuperSlice Pizza Pie Parlor,,United States,USA,Boston,FC66B,e43e8391-d69e-5880-97b6-bac48e8ada89,completed,completed,0,1,0,,1,USD,22.0,2025-03-01,2025-03-01 19:11:23.000,,2025-03-01 19:11:42.000,0.32,13.6,0,0,2025-03-01 19:25:10.000,2025-03-01 19:38:19.000,2025-03-01 19:53:15.000,14.93,13.15,1.48,26.62,41.87,MULTI_MERCHANT,Delivery,iOS,Uber Eats,,6bba56c6-2b94-4fb5-906c-fa7ab63fc66b
Garcon SuperSlice Pizza Pie Parlor,,United States,USA,Boston,2AAB4,d150aa7f-2592-525b-8b85-2ef3342ef572,completed,,0,1,0,,2,USD,43.0,2025-03-01,2025-03-01 19:17:47.000,,2025-03-01 19:17:52.000,0.08,15.74,0,0,,,,,0,,,,,Pickup,iOS,Uber Eats,,976feb36-8f26-4e61-8179-81300b52aab4
Garcon SuperSlice Pizza Pie Parlor,,United States,USA,Boston,BA452,073848c9-135c-5c78-9451-a9a70a6db021,canceled,canceled,0,0,0,restaurant,5,USD,0.0,2025-03-01,2025-03-01 19:31:15.000,2025-03-01 19:41:16.000,2025-03-01 19:31:23.000,0.13,9.07,0,0,,,,,0,,,,,Delivery,Web,Uber Eats,,5b4d3a1f-ae1a-42de-9bb0-e54c1bfba452
Garcon SuperSlice Pizza Pie Parlor,,United States,USA,Boston,14E91,c5890654-bab7-55f7-baae-31870e24f104,completed,completed,0,1,0,,1,USD,23.0,2025-03-01,2025-03-01 19:32:35.000,,2025-03-01 19:32:44.000,0.15,13.77,0,0,2025-03-01 19:43:09.000,2025-03-01 19:50:23.000,2025-03-01 19:59:49.000,9.43,7.23,1.65,17.64,27.23,MULTI_MERCHANT,Delivery,Android,Postmates,,e48b8de9-7408-4772-a9cf-f8cbe7614e91
Garcon SuperSlice Pizza Pie Parlor,,United States,USA,Boston,62246,7e5b5bda-ae55-5814-8ead-64502f1fa4ea,completed,completed,0,1,0,,5,USD,42.0,2025-03-01,2025-03-01 20:20:37.000,,2025-03-01 20:20:46.000,0.13,16.48,0,0,2025-03-01 20:30:14.000,2025-03-01 20:33:15.000,2025-03-01 20:39:46.000,6.51,3.01,0.8,12.48,19.13,NON_BATCHED,Delivery,Web,Uber Eats,,3f95c987-b2bd-4503-8a95-6eff0fe62246
Garcon SuperSlice Pizza Pie Parlor,,United States,USA,Boston,EA164,209c845f-35a2-556b-896c-8a07daf81985,completed,completed,0,1,0,,4,USD,82.0,2025-03-01,2025-03-01 20:31:04.000,,2025-03-01 20:31:17.000,0.22,18.55,0,0,2025-03-01 20:47:33.000,2025-03-01 20:57:32.000,2025-03-01 21:03:11.000,5.65,9.98,0.9,26.25,32.11,MULTI_MERCHANT,Delivery,iOS,Uber Eats,,0153b02a-2a7b-44a2-a1f0-19254a7ea164
Garcon SuperSlice Pizza Pie Parlor,,United States,USA,Boston,F090D,0ed4a243-2315-5e94-95aa-a98551a6d15d,completed,completed,0,1,0,,1,USD,20.0,2025-03-01,2025-03-01 20:45:13.000,,2025-03-01 20:45:23.000,0.17,12.97,0,0,2025-03-01 21:05:02.000,2025-03-01 21:06:51.000,2025-03-01 21:19:54.000,13.05,1.81,1.33,21.47,34.68,MULTI_MERCHANT,Delivery,iOS,Uber Eats,,b7e57677-c9d4-40e0-8131-3a5a654f090d
Garcon SuperSlice Pizza Pie Parlor,,United States,USA,Boston,77DD5,88fd71ac-f750-5c72-8c6c-1fa3c13975ff,canceled,,0,0,0,customer,4,USD,0.0,2025-03-02,2025-03-02 17:40:35.000,2025-03-02 17:44:47.000,,,,0,0,,,,,0,,,,,Delivery,Android,Uber Eats,UBER_ONE,92df026c-5f0a-4b87-9a9b-86b5ed177dd5
Garcon SuperSlice Pizza Pie Parlor,,United States,USA,Boston,73F28,f9ec830d-09ce-57a3-8ce5-53a60e4e0d00,completed,completed,0,1,0,,1,USD,27.0,2025-03-02,2025-03-02 19:47:29.000,,2025-03-02 19:47:43.000,0.23,12.56,0,0,2025-03-02 20:06:12.000,2025-03-02 20:11:33.000,2025-03-02 20:22:29.000,10.93,5.35,2.82,23.83,35,NON_BATCHED,Delivery,Android,Uber Eats,,95cb8981-5763-468d-882c-d0814de73f28
Garcon SuperSlice Pizza Pie Parlor,,United States,USA,Boston,63546,3fc457bb-a67c-5737-8059-fa2203a01a90,completed,completed,0,1,0,,2,USD,33.0,2025-03-02,2025-03-02 20:04:29.000,,2025-03-02 20:04:54.000,0.42,22.08,0,0,2025-03-02 20:18:12.000,2025-03-02 20:23:45.000,2025-03-02 20:27:47.000,4.03,5.55,0.88,18.85,23.3,NON_BATCHED,Delivery,iOS,Uber Eats,UBER_ONE,ec7fd409-e9d4-4c48-bd39-da5f47263546
Garcon SuperSlice Pizza Pie Parlor,,United States,USA,Boston,8CCE4,21b591f7-d013-5445-9d9f-fcb22646dcce,completed,completed,0,1,0,,1,USD,23.0,2025-03-02,2025-03-02 20:15:05.000,,2025-03-02 20:15:18.000,0.22,15.14,0,0,2025-03-02 20:31:41.000,2025-03-02 20:32:22.000,2025-03-02 20:45:25.000,13.05,0.68,1.47,17.07,30.33,MULTI_MERCHANT,Delivery,iOS,Uber Eats,,1f5201bd-ac35-4e72-90ac-55a90588cce4
Garcon SuperSlice Pizza Pie Parlor,,United States,USA,Boston,529F3,25e162c0-a54d-5795-83d7-b4ed707ea59c,completed,completed,0,1,0,,2,USD,43.0,2025-03-02,2025-03-02 20:21:55.000,,2025-03-02 20:22:08.000,0.22,17.21,0,0,2025-03-02 20:45:32.000,2025-03-02 20:47:02.000,2025-03-02 21:11:12.000,24.16,1.5,1.07,24.9,49.28,MULTI_MERCHANT,Delivery,iOS,Uber Eats,,85233844-4a2a-4a70-9296-8df0a8e529f3
Garcon SuperSlice Pizza Pie Parlor,,United States,USA,Boston,4C64B,076423fb-ce2a-5c7e-aaca-8e95eccb7329,completed,completed,0,1,0,,2,USD,33.0,2025-03-03,2025-03-03 12:30:27.000,,2025-03-03 12:30:38.000,0.18,10.42,0,0,2025-03-03 12:45:00.000,2025-03-03 12:46:18.000,2025-03-03 13:03:12.000,16.89,1.3,1.07,15.67,32.75,MULTI_MERCHANT,Delivery,iOS,Uber Eats,UBER_ONE,7f20ce32-0c5e-4410-b5f9-f72800e4c64b
Garcon SuperSlice Pizza Pie Parlor,,United States,USA,Boston,698DC,28dddcbf-1bd7-5ecc-80ec-5c87d4b980d2,completed,completed,0,1,0,,3,USD,40.0,2025-03-03,2025-03-03 15:41:33.000,,2025-03-03 15:41:45.000,0.2,20.41,1,5.03,2025-03-03 16:05:24.000,2025-03-03 16:05:53.000,2025-03-03 16:44:25.000,38.53,0.48,6.42,24.13,62.87,MULTI_MERCHANT,Delivery,iOS,Uber Eats,UBER_ONE,1546f484-a34b-4287-a230-acfee82698dc
Garcon SuperSlice Pizza Pie Parlor,,United States,USA,Boston,FCE6F,84dae11f-2b42-524a-81f1-9af62086a9d8,completed,completed,0,1,0,,3,USD,54.0,2025-03-03,2025-03-03 18:00:11.000,,2025-03-03 18:00:25.000,0.23,16.53,0,0,2025-03-03 18:11:16.000,2025-03-03 18:13:05.000,2025-03-03 18:18:03.000,4.96,1.81,1.1,12.67,17.87,NON_BATCHED,Delivery,Android,Uber Eats,,cc7685ed-bfc5-4d76-905d-64f17effce6f
Garcon SuperSlice Pizza Pie Parlor,,United States,USA,Boston,BC4E2,a3f2101b-040f-53a3-9484-04b66ecbb68e,completed,completed,0,1,0,,3,USD,53.0,2025-03-03,2025-03-03 18:41:35.000,,2025-03-03 18:41:46.000,0.17,16.17,0,0,2025-03-03 18:56:15.000,2025-03-03 18:58:58.000,2025-03-03 19:24:40.000,25.7,2.71,0.75,17.2,43.07,MULTI_MERCHANT,Delivery,iOS,Uber Eats,UBER_ONE,ee431be2-1a92-45f9-8dcb-f65ea19bc4e2
Garcon SuperSlice Pizza Pie Parlor,,United States,USA,Boston,6BEC3,dc3c199d-d747-556a-aca7-84c99f256827,completed,completed,0,1,0,,1,USD,23.0,2025-03-04,2025-03-04 16:18:46.000,,2025-03-04 16:18:56.000,0.15,11.67,0,0,2025-03-04 16:25:55.000,2025-03-04 16:30:35.000,2025-03-04 16:35:59.000,5.4,4.66,1,11.65,17.2,NON_BATCHED,Delivery,Web,Uber Eats,UBER_ONE,52544575-1381-4eae-bf58-cf1481e6bec3
Garcon SuperSlice Pizza Pie Parlor,,United States,USA,Boston,5FAD4,884a7cbf-69a6-56fb-8fb3-1079ef4995be,completed,completed,0,1,0,,7,USD,116.0,2025-03-04,2025-03-04 16:33:09.000,,2025-03-04 16:33:19.000,0.17,19.07,0,0,2025-03-04 16:54:41.000,2025-03-04 16:58:30.000,2025-03-04 17:20:42.000,22.2,3.81,4.95,25.18,47.55,NON_BATCHED,Delivery,iOS,Uber Eats,UBER_ONE,82b0d30f-a2b1-4529-bc85-0f727e25fad4
Garcon SuperSlice Pizza Pie Parlor,,United States,USA,Boston,D24DD,b1d05719-b772-5f25-b951-a13d2044663c,completed,completed,0,1,0,,1,USD,20.0,2025-03-04,2025-03-04 16:46:31.000,,2025-03-04 16:46:41.000,0.17,17.03,0,0,2025-03-04 17:03:46.000,2025-03-04 17:04:38.000,2025-03-04 17:09:08.000,4.5,0.86,0.9,17.95,22.62,NON_BATCHED,Delivery,Web,Uber Eats,UBER_ONE,3af6c021-e76e-4d9e-bccd-946d760d24dd
Garcon SuperSlice Pizza Pie Parlor,,United States,USA,Boston,FD289,909e89d6-08c1-50b3-88e3-b8fe2481f8ba,completed,completed,0,1,0,,5,USD,36.0,2025-03-04,2025-03-04 17:47:29.000,,2025-03-04 17:47:41.000,0.2,17.35,0,0,2025-03-04 18:04:55.000,2025-03-04 18:07:06.000,2025-03-04 18:15:30.000,8.4,2.18,4.32,19.42,28.02,NON_BATCHED,Delivery,iOS,Uber Eats,,42d7e9e7-8433-452b-b870-3acd6e7fd289
Garcon SuperSlice Pizza Pie Parlor,,United States,USA,Boston,2206E,342d554c-04df-5b7b-9512-43185e2cda78,completed,completed,0,1,0,,1,USD,30.0,2025-03-04,2025-03-04 18:19:56.000,,2025-03-04 18:20:10.000,0.23,21.64,0,0,2025-03-04 18:35:29.000,2025-03-04 18:37:08.000,2025-03-04 18:42:46.000,5.63,1.65,2.15,16.97,22.83,NON_BATCHED,Delivery,iOS,Uber Eats,,e50057d4-f453-4899-838a-3b7455e2206e
Garcon SuperSlice Pizza Pie Parlor,,United States,USA,Boston,1BF1E,349479db-4f0c-59b2-9134-8edd7a39c323,completed,completed,0,1,0,,2,USD,47.0,2025-03-04,2025-03-04 18:23:11.000,,2025-03-04 18:23:36.000,0.42,28.14,0,0,2025-03-04 18:46:56.000,2025-03-04 18:57:38.000,2025-03-04 19:16:51.000,19.21,10.7,0.72,34.03,53.67,NON_BATCHED,Delivery,iOS,Uber Eats,,2ce5d0d8-2b1f-4b45-832f-f880a0b1bf1e
Garcon SuperSlice Pizza Pie Parlor,,United States,USA,Boston,630FB,6f1aeb13-61aa-509d-8371-84dbe074dd03,completed,completed,0,1,0,,2,USD,32.0,2025-03-04,2025-03-04 19:08:21.000,,2025-03-04 19:08:34.000,0.22,20.87,1,5.03,2025-03-04 19:23:29.000,2025-03-04 19:30:52.000,2025-03-04 19:37:20.000,6.46,7.38,1.05,22.3,28.98,NON_BATCHED,Delivery,iOS,Uber Eats,,de5a7b80-a582-48ca-8100-ecb3e0e630fb
Garcon SuperSlice Pizza Pie Parlor,,United States,USA,Boston,74895,90328921-6d33-5f6c-b1a1-814b33d082e9,completed,completed,0,1,0,,1,USD,22.0,2025-03-04,2025-03-04 19:45:07.000,,2025-03-04 19:45:21.000,0.23,15.85,0,0,2025-03-04 19:58:54.000,2025-03-04 20:01:23.000,2025-03-04 20:23:00.000,21.61,2.48,1.63,16.03,37.88,MULTI_MERCHANT,Delivery,iOS,Uber Eats,UBER_ONE,b1cbc001-d932-4312-87e4-b11100974895
Garcon SuperSlice Pizza Pie Parlor,,United States,USA,Boston,03A7B,9deea8b8-293f-516f-9382-dcaa9c7c1016,completed,completed,0,1,0,,3,USD,63.0,2025-03-05,2025-03-05 15:02:19.000,,2025-03-05 15:02:38.000,0.3,15.73,0,0,2025-03-05 15:13:59.000,2025-03-05 15:17:03.000,2025-03-05 15:26:52.000,9.81,3.06,1.08,14.42,24.53,NON_BATCHED,Delivery,iOS,Uber Eats,,9b626b92-80e5-477f-be50-a1691c903a7b
Garcon SuperSlice Pizza Pie Parlor,,United States,USA,Boston,7D4FE,f1a1eadd-da6a-5482-b654-6e059dc9b0c7,completed,completed,0,1,0,,4,USD,93.0,2025-03-05,2025-03-05 16:50:22.000,,2025-03-05 16:50:35.000,0.22,16.93,0,0,2025-03-05 17:08:48.000,2025-03-05 17:20:25.000,2025-03-05 18:18:39.000,58.23,11.61,1.45,29.83,88.28,MULTI_MERCHANT,Delivery,iOS,Uber Eats,UBER_ONE,2196c844-05b8-4a38-945d-8ae64557d4fe
Garcon SuperSlice Pizza Pie Parlor,,United States,USA,Boston,4D3A6,3c414264-d83a-5179-b75f-f24e3b760e03,completed,completed,0,1,0,,1,USD,23.0,2025-03-05,2025-03-05 17:00:29.000,,2025-03-05 17:00:37.000,0.13,12.42,0,0,2025-03-05 17:05:22.000,2025-03-05 17:11:10.000,2025-03-05 17:43:45.000,32.58,5.8,0.38,10.55,43.27,MULTI_MERCHANT,Delivery,iOS,Uber Eats,,46b0adec-a024-4458-bbcb-26bb7c44d3a6
Garcon SuperSlice Pizza Pie Parlor,,United States,USA,Boston,2C6B5,fd38556a-e40f-5345-9a98-7875c604bd66,completed,completed,0,1,0,,1,USD,21.0,2025-03-05,2025-03-05 17:59:54.000,,2025-03-05 18:00:06.000,0.2,16.19,1,5.08,2025-03-05 18:15:23.000,2025-03-05 18:17:14.000,2025-03-05 18:35:45.000,18.51,1.85,1.3,17.13,35.85,MULTI_MERCHANT,Delivery,iOS,Uber Eats,UBER_ONE,7bfe87a1-589a-4b2a-ad7e-0e2277a2c6b5
Garcon SuperSlice Pizza Pie Parlor,,United States,USA,Boston,FE760,6cfc1c90-257a-5e64-8e00-dcf8823024b8,completed,completed,0,1,0,,1,USD,23.0,2025-03-05,2025-03-05 18:34:04.000,,2025-03-05 18:34:32.000,0.47,16.93,0,0,2025-03-05 18:49:53.000,2025-03-05 19:00:53.000,2025-03-05 19:04:43.000,3.83,11,0.77,26.35,30.65,MULTI_MERCHANT,Delivery,iOS,Uber Eats,UBER_ONE,0dbb8c9d-3ad2-4ecc-b3e9-05dd6befe760
Garcon SuperSlice Pizza Pie Parlor,,United States,USA,Boston,96FAD,f20faf8a-1e7b-534d-9f6c-b9a7f6c55a85,completed,,0,1,0,,1,USD,24.0,2025-03-05,2025-03-05 18:36:27.000,,2025-03-05 18:36:49.000,0.37,17.78,0,0,,,,,0,,,,,Pickup,Android,Uber Eats,UBER_ONE,5edfcf33-ad48-4f94-8107-728972196fad
Garcon SuperSlice Pizza Pie Parlor,,United States,USA,Boston,1AE83,2a508296-deb8-5210-b96e-77b87ffb84c3,completed,completed,0,1,0,,1,USD,24.0,2025-03-05,2025-03-05 18:37:37.000,,2025-03-05 18:38:04.000,0.43,17.85,0,0,2025-03-05 18:49:53.000,2025-03-05 19:00:53.000,2025-03-05 19:10:35.000,9.69,11,1.3,22.82,32.95,MULTI_MERCHANT,Delivery,Android,Uber Eats,,a156a367-5109-4544-afef-3857e5d1ae83
Garcon SuperSlice Pizza Pie Parlor,,United States,USA,Boston,4E88E,a9f6233d-a1fd-5e99-a8c8-80ada23f5057,completed,completed,0,1,0,,3,USD,75.95,2025-03-06,2025-03-06 16:47:54.000,,2025-03-06 16:48:17.000,0.38,15.9,0,0,2025-03-06 17:04:33.000,2025-03-06 17:16:05.000,2025-03-06 17:32:08.000,16.05,11.53,0.32,27.8,44.23,MULTI_MERCHANT,Delivery,iOS,Uber Eats,UBER_ONE,ffe08a7a-11b8-47f6-9363-92591db4e88e
Garcon SuperSlice Pizza Pie Parlor,,United States,USA,Boston,37169,e21ee27e-cdb8-50a7-8d06-fe1c3bb596cd,completed,completed,0,1,0,,2,USD,31.0,2025-03-06,2025-03-06 16:55:19.000,,2025-03-06 16:55:33.000,0.23,13.72,0,0,2025-03-06 17:04:33.000,2025-03-06 17:16:05.000,2025-03-06 17:24:21.000,8.26,11.53,1.33,20.53,29.03,MULTI_MERCHANT,Delivery,iOS,Uber Eats,UBER_ONE,0ca1bb81-a7b6-4eee-84cb-cc3c79e37169
Garcon SuperSlice Pizza Pie Parlor,,United States,USA,Boston,1523A,4567dd3b-bd40-53a2-9740-e22aa065c5e7,completed,completed,0,1,0,,4,USD,56.0,2025-03-06,2025-03-06 18:03:41.000,,2025-03-06 18:03:52.000,0.18,16.85,0,0,2025-03-06 18:22:57.000,2025-03-06 18:24:52.000,2025-03-06 18:37:56.000,13.06,1.91,1.4,21,34.25,MULTI_MERCHANT,Delivery,iOS,Uber Eats,UBER_ONE,8652cc1d-6643-4666-8437-5b802551523a
Garcon SuperSlice Pizza Pie Parlor,,United States,USA,Boston,BD496,46a0007e-5dcf-5d7c-a44c-b3413ace60c6,unfulfilled,,0,0,0,,2,USD,0.0,2025-03-06,2025-03-06 19:18:56.000,,,,,0,0,,,,,0,,,,,Delivery,iOS,Uber Eats,UBER_ONE,65029530-a505-40f0-8689-8ec9455bd496
Garcon SuperSlice Pizza Pie Parlor,,United States,USA,Boston,8B1F2,cf3e1fbb-01a6-5028-a70f-a11ee48858e3,completed,completed,0,1,0,,2,USD,24.0,2025-03-06,2025-03-06 19:55:07.000,,2025-03-06 19:55:16.000,0.15,11.9,0,0,2025-03-06 20:06:31.000,2025-03-06 20:08:53.000,2025-03-06 20:26:42.000,17.81,2.36,1.18,13.62,31.58,MULTI_MERCHANT,Delivery,iOS,Uber Eats,UBER_ONE,68d06e8c-7fec-48a9-aad5-1edb4f08b1f2
Garcon SuperSlice Pizza Pie Parlor,,United States,USA,Boston,EC7D8,a22adf87-985a-590d-b1c5-23aa5d04ab27,canceled,unfulfilled,0,0,0,restaurant,4,USD,0.0,2025-03-06,2025-03-06 20:08:48.000,2025-03-06 20:12:48.000,2025-03-06 20:11:01.000,0.13,15.22,0,0,,,,,0,,,,,Delivery,iOS,Uber Eats,UBER_ONE,af622593-fa08-4752-8599-7cda2afec7d8
Garcon SuperSlice Pizza Pie Parlor,,United States,USA,Boston,5A1D3,de827661-6403-5edf-a8b9-f3e71f1a15f8,completed,completed,0,1,0,,3,USD,27.0,2025-03-06,2025-03-06 20:19:29.000,,2025-03-06 20:19:39.000,0.15,14.73,0,0,2025-03-06 20:29:50.000,2025-03-06 20:44:33.000,2025-03-06 20:49:58.000,5.41,14.71,1,24.9,30.47,NON_BATCHED,Delivery,iOS,Uber Eats,UBER_ONE,d4cb2e33-36fb-4311-8961-9cd4a155a1d3
Garcon SuperSlice Pizza Pie Parlor,,United States,USA,Boston,11C9A,64fb7653-da74-51b2-b49b-f7e3db55be54,completed,completed,0,1,0,,2,USD,43.0,2025-03-07,2025-03-07 15:04:41.000,,2025-03-07 15:04:54.000,0.22,14.12,0,0,2025-03-07 15:19:11.000,2025-03-07 15:21:32.000,2025-03-07 15:29:17.000,7.75,2.35,0.97,16.63,24.6,NON_BATCHED,Delivery,iOS,Uber Eats,UBER_ONE,60ff69e3-d394-499d-b48b-5a3199711c9a
Garcon SuperSlice Pizza Pie Parlor,,United States,USA,Boston,2B1B4,588e845c-348a-54b8-9530-17e0ffcfa2a5,completed,completed,0,1,0,,5,USD,48.9,2025-03-07,2025-03-07 16:30:13.000,,2025-03-07 16:30:19.000,0.1,16.26,0,0,2025-03-07 16:51:51.000,2025-03-07 16:54:59.000,2025-03-07 17:27:43.000,32.73,3.13,1.5,24.67,57.5,MULTI_MERCHANT,Delivery,Android,Uber Eats,UBER_ONE,2833a6b8-cc43-4380-8ad5-8ae23bb2b1b4
Garcon SuperSlice Pizza Pie Parlor,,United States,USA,Boston,3F133,0f68795a-841d-509f-ba71-85660409d224,completed,completed,0,1,0,,3,USD,35.95,2025-03-07,2025-03-07 17:51:54.000,,2025-03-07 17:52:04.000,0.17,16.94,0,0,2025-03-07 18:06:58.000,2025-03-07 18:21:03.000,2025-03-07 18:34:01.000,12.96,14.08,1.3,28.98,42.12,NON_BATCHED,Delivery,iOS,Uber Eats,,50a54383-e7dc-43f2-8e91-e40d8483f133
Garcon SuperSlice Pizza Pie Parlor,,United States,USA,Boston,568B7,a02f49da-ea16-548c-9c0f-be5ad2412cc1,completed,completed,0,1,0,,1,USD,23.0,2025-03-07,2025-03-07 17:55:35.000,,2025-03-07 17:55:41.000,0.1,12.56,0,0,2025-03-07 18:24:47.000,2025-03-07 18:28:24.000,2025-03-07 18:36:08.000,7.73,3.61,3.02,32.72,40.54,NON_BATCHED,Delivery,Android,Uber Eats,,4a2fd2db-5869-4c15-9d6f-cac7a4a568b7
Garcon SuperSlice Pizza Pie Parlor,,United States,USA,Boston,10C98,a851d13c-8b2b-5365-9a85-97a769007cf0,completed,completed,0,1,0,,1,USD,20.0,2025-03-08,2025-03-08 13:36:50.000,,2025-03-08 13:37:09.000,0.32,9.02,0,0,2025-03-08 13:46:49.000,2025-03-08 13:53:05.000,2025-03-08 14:09:16.000,16.18,6.26,1.7,15.93,32.43,NON_BATCHED,Delivery,,Uber Eats,,ce0be423-9541-440f-b0b0-427c03310c98
Garcon SuperSlice Pizza Pie Parlor,,United States,USA,Boston,CBC15,2df9b88a-f65a-507b-9452-3b0df7a7ccff,completed,,0,1,0,,4,USD,53.0,2025-03-08,2025-03-08 14:49:48.000,,2025-03-08 14:50:01.000,0.22,17.02,0,0,,,,,0,,,,,Pickup,iOS,Uber Eats,,e7265b6e-9b15-444d-9fa2-598a0a5cbc15
Garcon SuperSlice Pizza Pie Parlor,,United States,USA,Boston,2E166,c9a6d153-5b84-5841-865a-30525483d66a,unfulfilled,,0,0,0,,3,USD,0.0,2025-03-08,2025-03-08 16:44:01.000,,,,,0,0,,,,,0,,,,,Delivery,iOS,Uber Eats,UBER_ONE,40365e6e-583c-46c3-aa5a-8e1e3b42e166
Garcon SuperSlice Pizza Pie Parlor,,United States,USA,Boston,B496C,69b1df1c-9421-5f3f-9630-e5b5dcbef4c2,completed,completed,0,1,0,,3,USD,62.0,2025-03-08,2025-03-08 16:55:04.000,,2025-03-08 16:57:23.000,2.29,18.64,0,0,2025-03-08 17:21:22.000,2025-03-08 17:38:44.000,2025-03-08 17:56:43.000,17.98,17.36,1.88,41.35,61.63,SINGLE_MERCHANT,Delivery,iOS,Uber Eats,UBER_ONE,b3fd6c1f-8c86-4917-845b-1093983b496c
Garcon SuperSlice Pizza Pie Parlor,,United States,USA,Boston,7B3A6,05597a99-93df-5c24-b047-b96ec0315d89,completed,completed,0,1,0,,3,USD,57.0,2025-03-08,2025-03-08 17:05:31.000,,2025-03-08 17:05:41.000,0.17,17.14,0,0,2025-03-08 17:21:22.000,2025-03-08 17:38:44.000,2025-03-08 17:49:51.000,11.11,17.36,1.88,33.04,44.33,SINGLE_MERCHANT,Delivery,iOS,Uber Eats,,237f5bbc-d9bc-43a4-9121-98f3b4e7b3a6
Garcon SuperSlice Pizza Pie Parlor,,United States,USA,Boston,AB870,ef7abccc-9a3f-5c7b-80ae-012e268db542,completed,completed,0,1,0,,1,USD,20.0,2025-03-08,2025-03-08 17:37:15.000,,2025-03-08 17:37:28.000,0.22,20.58,0,0,2025-03-08 17:58:00.000,2025-03-08 18:02:44.000,2025-03-08 18:19:59.000,17.25,4.73,1.98,25.27,42.73,MULTI_MERCHANT,Delivery,iOS,Uber Eats,,bfb47f93-a609-4941-9ca9-2c1b995ab870
Garcon SuperSlice Pizza Pie Parlor,,United States,USA,Boston,688C1,2fe26199-343d-51ce-a8cf-ab0db937a633,completed,completed,0,1,0,,2,USD,48.0,2025-03-08,2025-03-08 18:14:36.000,,2025-03-08 18:14:47.000,0.18,17.12,0,0,2025-03-08 18:35:44.000,2025-03-08 18:37:23.000,2025-03-08 18:44:31.000,7.13,1.65,0.98,22.6,29.92,MULTI_MERCHANT,Delivery,Android,Uber Eats,,c83f5fdd-c2a3-4e8e-a259-977d594688c1
Garcon SuperSlice Pizza Pie Parlor,,United States,USA,Boston,E7DD3,4c974994-fa4e-52f9-b6d4-c6052aa08d6b,completed,completed,0,1,0,,1,USD,23.0,2025-03-08,2025-03-08 19:16:11.000,,2025-03-08 19:16:16.000,0.08,12.3,0,0,2025-03-08 19:28:08.000,2025-03-08 19:43:22.000,2025-03-08 19:55:38.000,12.26,15.23,1.3,27.1,39.45,MULTI_MERCHANT,Delivery,iOS,Uber Eats,,122658ec-3578-4baf-98ac-aa5dab7e7dd3
Garcon SuperSlice Pizza Pie Parlor,,United States,USA,Boston,74004,04985744-0e20-5f9c-a8bb-9f6752c196b9,completed,completed,0,1,0,,1,USD,29.0,2025-03-08,2025-03-08 20:53:45.000,,2025-03-08 20:54:02.000,0.27,12.69,0,0,2025-03-08 21:06:07.000,2025-03-08 21:18:39.000,2025-03-08 21:24:33.000,5.9,12.53,1.17,24.62,30.78,MULTI_MERCHANT,Delivery,iOS,Uber Eats,UBER_ONE,74d08eae-7ce1-42d7-a30e-741d1f774004
Garcon SuperSlice Pizza Pie Parlor,,United States,USA,Boston,F8475,4b6450c5-8530-5e2d-a1bd-d9a7f40d5103,completed,completed,0,1,0,,1,USD,27.0,2025-03-08,2025-03-08 21:23:18.000,,2025-03-08 21:23:30.000,0.2,16.11,0,0,2025-03-08 21:46:46.000,2025-03-08 21:47:41.000,2025-03-08 22:09:03.000,21.36,0.91,1.14,24.18,45.75,MULTI_MERCHANT,Delivery,iOS,Uber Eats,UBER_ONE,04df9463-61aa-493f-8e30-d8dba78f8475
Garcon SuperSlice Pizza Pie Parlor,,United States,USA,Boston,C8A48,dacb28e6-dbd5-5398-98b6-2bf95e632b04,canceled,canceled,0,0,0,customer,3,USD,0.0,2025-03-09,2025-03-09 11:49:26.000,2025-03-09 11:51:02.000,2025-03-09 11:49:40.000,0.23,14.14,0,0,,,,,0,,,,,Delivery,iOS,Uber Eats,UBER_ONE,c09f1070-fb06-4d2b-9e2d-fe06ca8c8a48
Garcon SuperSlice Pizza Pie Parlor,,United States,USA,Boston,A9765,a0acf458-9643-5ab1-a689-94f4562f05a7,completed,,0,1,0,,1,USD,27.0,2025-03-09,2025-03-09 14:22:08.000,,2025-03-09 14:22:24.000,0.27,12.63,0,0,,,,,0,,,,,Pickup,iOS,Uber Eats,UBER_ONE,e2d5971b-94c1-42aa-80bc-ea203b0a9765
Garcon SuperSlice Pizza Pie Parlor,,United States,USA,Boston,638DC,07842007-9b48-5d39-ab06-b051e5b47fda,completed,completed,0,1,0,,2,USD,45.0,2025-03-09,2025-03-09 16:27:34.000,,2025-03-09 16:27:54.000,0.33,19.98,1,5.27,2025-03-09 16:48:36.000,2025-03-09 16:50:12.000,2025-03-09 17:00:12.000,10,1.6,0.93,22.3,32.63,NON_BATCHED,Delivery,iOS,Uber Eats,,4a71cd9d-3c22-44b3-98d7-705df92638dc
Garcon SuperSlice Pizza Pie Parlor,,United States,USA,Boston,ECA49,0ac3598a-db30-5aca-bef6-d94ad3332926,completed,completed,0,1,0,,1,USD,33.0,2025-03-09,2025-03-09 17:27:17.000,,2025-03-09 17:27:36.000,0.32,18.11,0,0,2025-03-09 17:45:29.000,2025-03-09 17:49:19.000,2025-03-09 17:59:33.000,10.23,3.83,3.93,21.72,32.27,NON_BATCHED,Delivery,iOS,Uber Eats,,b6ba3fb9-63c8-4041-b984-7ade3a0eca49
Garcon SuperSlice Pizza Pie Parlor,,United States,USA,Boston,B79F9,ca1545c0-abc7-5183-9a2c-ed32b8376505,completed,completed,0,1,0,,4,USD,55.0,2025-03-09,2025-03-09 18:20:06.000,,2025-03-09 18:20:50.000,0.73,24.52,0,0,2025-03-09 18:34:57.000,2025-03-09 18:44:41.000,2025-03-09 18:55:43.000,11.03,9.73,0.5,23.85,35.61,MULTI_MERCHANT,Delivery,iOS,Uber Eats,UBER_ONE,ae5a6265-1dc7-4925-92ce-f3bf6c8b79f9
Garcon SuperSlice Pizza Pie Parlor,,United States,USA,Boston,93765,f168f742-a423-530c-857e-041f6303b87a,completed,completed,0,1,0,,2,USD,44.0,2025-03-09,2025-03-09 19:39:17.000,,2025-03-09 19:39:27.000,0.17,19.02,0,0,2025-03-09 19:46:34.000,2025-03-09 19:56:16.000,2025-03-09 20:13:39.000,17.38,9.69,0.82,16.82,34.36,MULTI_MERCHANT,Delivery,iOS,Uber Eats,,cfb85302-7976-4856-a308-c02efc393765
Garcon SuperSlice Pizza Pie Parlor,,United States,USA,Boston,8974E,5995897b-a070-51e6-ad74-c1249bfd735f,completed,completed,0,1,0,,1,USD,20.0,2025-03-09,2025-03-09 19:45:34.000,,2025-03-09 19:45:46.000,0.2,17.66,1,5.23,2025-03-09 20:00:24.000,2025-03-09 20:14:49.000,2025-03-09 20:18:54.000,4.08,14.41,0.83,29.05,33.33,NON_BATCHED,Delivery,iOS,Uber Eats,UBER_ONE,08ea001a-d938-4d8a-810e-0edf8578974e
Garcon SuperSlice Pizza Pie Parlor,,United States,USA,Boston,66FF0,133c7c85-bd66-5863-b480-5a6ebdff812d,completed,completed,0,1,0,,1,USD,23.0,2025-03-10,2025-03-10 12:45:50.000,,2025-03-10 12:46:14.000,0.38,10.64,0,0,2025-03-10 12:55:03.000,2025-03-10 12:59:02.000,2025-03-10 13:06:13.000,7.18,3.98,1.43,12.8,20.37,MULTI_MERCHANT,Delivery,iOS,Uber Eats,UBER_ONE,3a48c285-4076-4397-bc2b-313ad4e66ff0
Garcon SuperSlice Pizza Pie Parlor,,United States,USA,Boston,FB796,f9b6ae89-c047-5d60-a3bd-d6e78dcbf909,completed,,0,1,0,,1,USD,13.95,2025-03-10,2025-03-10 15:07:38.000,,2025-03-10 15:08:17.000,0.65,13.01,0,0,,,,,0,,,,,Pickup,iOS,Uber Eats,,e1022514-3006-45ef-9f54-1dfbcd0fb796
Garcon SuperSlice Pizza Pie Parlor,,United States,USA,Boston,A1335,3883fb82-60f5-5568-bbad-d1c256e2a55c,completed,completed,0,1,0,,2,USD,33.0,2025-03-10,2025-03-10 16:29:52.000,,2025-03-10 16:29:57.000,0.08,12.03,0,0,2025-03-10 16:39:00.000,2025-03-10 16:44:00.000,2025-03-10 16:59:58.000,15.96,5,0.65,14.05,30.1,NON_BATCHED,Delivery,iOS,Uber Eats,UBER_ONE,9572dece-ac2d-4d83-89fe-0bd6df7a1335
Garcon SuperSlice Pizza Pie Parlor,,United States,USA,Boston,7B715,bb14a8d2-7213-5dfa-80b9-80c658e6292e,completed,completed,0,1,0,,1,USD,20.0,2025-03-10,2025-03-10 17:37:31.000,,2025-03-10 17:37:38.000,0.12,16.35,0,0,2025-03-10 17:47:52.000,2025-03-10 17:58:59.000,2025-03-10 18:10:46.000,11.78,11.11,0.37,21.35,33.25,MULTI_MERCHANT,Delivery,Android,Uber Eats,UBER_ONE,c0a3f735-7e62-4439-a476-dc5fc9e7b715
Garcon SuperSlice Pizza Pie Parlor,,United States,USA,Boston,8A033,1d6d3cba-2ac9-56cc-b847-b393307d54ad,completed,completed,0,1,0,,1,USD,23.0,2025-03-11,2025-03-11 11:26:55.000,,2025-03-11 11:27:07.000,0.18,10.7,0,0,2025-03-11 11:34:32.000,2025-03-11 11:41:46.000,2025-03-11 11:47:06.000,5.33,7.23,1.1,14.65,20.17,MULTI_MERCHANT,Delivery,Android,Uber Eats,UBER_ONE,72399b3d-67bb-4790-afac-b2589548a033
Garcon SuperSlice Pizza Pie Parlor,,United States,USA,Boston,F78D1,43e8753e-facc-5067-8a86-dc1795d8c6bd,completed,completed,0,1,0,,1,USD,20.0,2025-03-11,2025-03-11 12:26:34.000,,2025-03-11 12:26:46.000,0.2,10.67,0,0,2025-03-11 12:38:08.000,2025-03-11 12:39:03.000,2025-03-11 12:50:16.000,11.21,0.91,0.53,12.28,23.7,NON_BATCHED,Delivery,iOS,Uber Eats,,961ad24c-2499-4c04-a075-034a75af78d1
Garcon SuperSlice Pizza Pie Parlor,,United States,USA,Boston,42C1B,34fdecf7-1d87-5e98-88b6-8a75e08d99e1,completed,completed,0,1,0,,3,USD,40.95,2025-03-11,2025-03-11 17:20:16.000,,2025-03-11 17:20:29.000,0.2,16.07,0,0,2025-03-11 17:31:02.000,2025-03-11 17:35:55.000,2025-03-11 17:46:23.000,10.46,4.88,1.08,15.43,26.1,NON_BATCHED,Delivery,iOS,Uber Eats,UBER_ONE,b05b2e26-9570-42b6-8ccf-50b19ed42c1b
Garcon SuperSlice Pizza Pie Parlor,,United States,USA,Boston,F0D72,be36f4fc-cdfc-549a-b105-36edd3b516e9,completed,completed,0,1,0,,3,USD,26.0,2025-03-11,2025-03-11 19:14:23.000,,2025-03-11 19:14:48.000,0.4,23.23,0,0,2025-03-11 19:35:18.000,2025-03-11 19:36:04.000,2025-03-11 19:46:30.000,10.43,0.76,0.92,21.27,32.1,NON_BATCHED,Delivery,iOS,Uber Eats,UBER_ONE,bfaefa2f-cde4-4b76-b929-e5bce0cf0d72
Garcon SuperSlice Pizza Pie Parlor,,United States,USA,Boston,7B1DB,b7dc2e11-0da1-580f-a42c-0577c16f7beb,completed,completed,0,1,0,,2,USD,30.0,2025-03-11,2025-03-11 19:54:24.000,,2025-03-11 19:54:49.000,0.42,17.96,1,5.01,2025-03-11 20:05:51.000,2025-03-11 20:08:26.000,2025-03-11 20:19:52.000,11.43,2.58,1.68,13.62,25.47,MULTI_MERCHANT,Delivery,iOS,Uber Eats,UBER_ONE,f5969514-d481-43ad-9bd8-a5a90a37b1db
Garcon SuperSlice Pizza Pie Parlor,,United States,USA,Boston,FCD1B,ee9d88e2-d728-5af4-9602-014b4f99bc8c,completed,completed,0,1,0,,2,USD,45.0,2025-03-12,2025-03-12 11:43:03.000,,2025-03-12 11:44:03.000,1,24.41,0,0,2025-03-12 11:58:11.000,2025-03-12 12:00:34.000,2025-03-12 12:13:53.000,13.31,2.38,2.17,16.52,30.83,MULTI_MERCHANT,Delivery,iOS,Uber Eats,,862be981-b03c-430d-88da-efe4ae5fcd1b
Garcon SuperSlice Pizza Pie Parlor,,United States,USA,Boston,D8BDB,50b3260e-70fa-51d6-a11d-feba88dd1915,completed,completed,0,1,0,,3,USD,46.0,2025-03-12,2025-03-12 17:18:30.000,,2025-03-12 17:18:46.000,0.27,25.29,1,10.08,2025-03-12 17:38:57.000,2025-03-12 17:43:28.000,2025-03-12 18:00:08.000,16.66,4.51,0.92,24.7,41.63,MULTI_MERCHANT,Delivery,Android,Uber Eats,,d5f01790-4177-4439-9f4a-f9a8ed0d8bdb
Garcon SuperSlice Pizza Pie Parlor,,United States,USA,Boston,6EA9D,f0469a69-ce8e-5888-bee3-4315bb3c300b,completed,,0,1,0,,2,USD,43.0,2025-03-12,2025-03-12 17:24:27.000,,2025-03-12 17:24:53.000,0.43,27.23,0,0,,,,,0,,,,,Pickup,Android,Uber Eats,,d57ccea9-b2e5-49a8-b563-463de4c6ea9d
Garcon SuperSlice Pizza Pie Parlor,,United States,USA,Boston,DF96F,80e5701c-30ce-5050-83a2-e9dea8cac0f7,completed,completed,0,1,0,,2,USD,32.0,2025-03-12,2025-03-12 18:19:29.000,,2025-03-12 18:19:50.000,0.35,17.18,0,0,2025-03-12 18:37:30.000,2025-03-12 18:41:55.000,2025-03-12 18:52:36.000,10.68,4.41,5.17,22.08,33.11,NON_BATCHED,Delivery,iOS,Uber Eats,,a7d4837c-0ab1-4443-bc7a-f1d9a0bdf96f
Garcon SuperSlice Pizza Pie Parlor,,United States,USA,Boston,61AAF,3a311464-3c2b-53f5-9c35-02567a501b9e,completed,completed,0,1,0,,1,USD,24.0,2025-03-12,2025-03-12 18:55:50.000,,2025-03-12 18:55:58.000,0.13,13.26,0,0,2025-03-12 19:05:08.000,2025-03-12 19:11:17.000,2025-03-12 19:25:10.000,13.88,6.15,3.3,15.32,29.33,MULTI_MERCHANT,Delivery,iOS,Uber Eats,,b20cfdc2-5013-4ab9-8c4f-0eaafd161aaf
Garcon SuperSlice Pizza Pie Parlor,,United States,USA,Boston,33762,b0a275c7-f244-5317-9019-b890561223c7,completed,completed,0,1,0,,1,USD,24.0,2025-03-12,2025-03-12 19:29:56.000,,2025-03-12 19:30:07.000,0.18,18.48,0,0,2025-03-12 19:46:20.000,2025-03-12 19:46:56.000,2025-03-12 19:51:28.000,4.53,0.6,1,16.82,21.53,NON_BATCHED,Delivery,iOS,Uber Eats,UBER_ONE,ee4cb949-d335-4dad-aa94-8b3548733762
Garcon SuperSlice Pizza Pie Parlor,,United States,USA,Boston,BBB3C,6c5ade34-76b9-53ad-a9fb-c8e0a68b9bb5,completed,completed,0,1,0,,2,USD,32.95,2025-03-13,2025-03-13 15:41:17.000,,2025-03-13 15:41:35.000,0.3,11.26,0,0,2025-03-13 15:52:27.000,2025-03-13 15:55:05.000,2025-03-13 15:59:51.000,4.76,2.63,1.33,13.5,18.57,NON_BATCHED,Delivery,iOS,Uber Eats,UBER_ONE,52c62608-dc19-4a0a-a072-22d9f16bbb3c
Garcon SuperSlice Pizza Pie Parlor,,United States,USA,Boston,E288A,7e24b9f4-be75-5204-8694-f9f171fdec69,completed,completed,0,1,0,,4,USD,51.0,2025-03-13,2025-03-13 16:30:40.000,,2025-03-13 16:30:56.000,0.27,14.13,0,0,2025-03-13 16:46:54.000,2025-03-13 16:50:36.000,2025-03-13 17:08:52.000,18.26,3.7,1.98,19.67,38.2,NON_BATCHED,Delivery,iOS,Postmates,UBER_ONE,dc55b2c1-2146-4226-9774-4e2a25be288a
Garcon SuperSlice Pizza Pie Parlor,,United States,USA,Boston,B4331,e576e5c3-a47d-5eba-8a15-db711bc918da,completed,completed,0,1,0,,2,USD,26.0,2025-03-13,2025-03-13 18:26:34.000,,2025-03-13 18:27:01.000,0.45,13.31,0,0,2025-03-13 18:40:02.000,2025-03-13 18:42:41.000,2025-03-13 18:54:21.000,11.66,2.65,1.65,15.67,27.78,MULTI_MERCHANT,Delivery,Web,Uber Eats,,d602fee9-3763-4308-b645-1a120f2b4331
Garcon SuperSlice Pizza Pie Parlor,,United States,USA,Boston,97A8A,5fffb957-4e9b-547a-9c19-87b97d4c5652,completed,completed,0,1,0,,2,USD,17.9,2025-03-13,2025-03-13 18:59:43.000,,2025-03-13 19:00:01.000,0.3,16.88,0,0,2025-03-13 19:15:18.000,2025-03-13 19:19:54.000,2025-03-13 19:26:20.000,6.43,4.59,1.37,19.88,26.62,MULTI_MERCHANT,Delivery,iOS,Uber Eats,,8c93cb0b-5e84-4f28-b7f4-09b86a697a8a
Garcon SuperSlice Pizza Pie Parlor,,United States,USA,Boston,7B66D,a3e48b5d-2f37-5a05-aa39-4aede76920f1,completed,completed,0,1,0,,2,USD,35.95,2025-03-13,2025-03-13 19:10:54.000,,2025-03-13 19:12:23.000,1.48,16.88,0,0,2025-03-13 19:26:34.000,2025-03-13 19:32:00.000,2025-03-13 19:40:01.000,8.01,5.43,1.42,19.62,29.12,NON_BATCHED,Delivery,iOS,Uber Eats,UBER_ONE,8e04dea9-a28e-4e67-9d4f-f4ef8847b66d
Garcon SuperSlice Pizza Pie Parlor,,United States,USA,Boston,8B94E,254fea79-83a8-5f04-833f-c8519c535780,completed,completed,0,1,0,,3,USD,36.9,2025-03-14,2025-03-14 13:01:05.000,,2025-03-14 13:01:49.000,0.73,14.04,0,0,2025-03-14 13:25:44.000,2025-03-14 13:28:40.000,2025-03-14 13:53:04.000,24.4,2.93,1.67,26.85,51.98,MULTI_MERCHANT,Delivery,Android,Uber Eats,UBER_ONE,e8c109b5-4156-4aae-b407-3436dd38b94e
Garcon SuperSlice Pizza Pie Parlor,,United States,USA,Boston,1DCDD,01a80017-6e9d-5430-84ea-4c026eb34d70,completed,completed,0,1,0,,1,USD,22.0,2025-03-14,2025-03-14 13:21:31.000,,2025-03-14 13:21:51.000,0.33,7.98,0,0,2025-03-14 13:29:09.000,2025-03-14 13:29:51.000,2025-03-14 13:35:52.000,6.01,0.7,0.85,8,14.35,MULTI_MERCHANT,Delivery,iOS,Uber Eats,,d706d583-c25c-427f-bcad-16144161dcdd
Garcon SuperSlice Pizza Pie Parlor,,United States,USA,Boston,B9A5E,02fe56e4-16c8-5944-b447-76a0d192588d,completed,,0,1,0,,3,USD,38.95,2025-03-14,2025-03-14 16:56:30.000,,2025-03-14 16:56:42.000,0.18,14.74,0,0,,,,,0,,,,,Pickup,iOS,Uber Eats,,0133cf5c-40b9-4a34-bef7-a2c6425b9a5e
Garcon SuperSlice Pizza Pie Parlor,,United States,USA,Boston,042FB,efb54196-e426-5267-996d-abc1b4ff7bf7,completed,completed,0,1,0,,2,USD,33.95,2025-03-14,2025-03-14 17:23:29.000,,2025-03-14 17:23:42.000,0.22,18.39,0,0,2025-03-14 17:38:05.000,2025-03-14 17:41:42.000,2025-03-14 18:09:55.000,28.21,3.61,0.83,18,46.43,MULTI_MERCHANT,Delivery,iOS,Uber Eats,UBER_ONE,60079dfd-374a-4318-a172-f06d5e7042fb
Garcon SuperSlice Pizza Pie Parlor,,United States,USA,Boston,ACEB2,e8b8efc1-f2c6-5a6e-b7e8-50e6eea8296f,completed,completed,0,1,0,,4,USD,74.0,2025-03-14,2025-03-14 17:26:56.000,,2025-03-14 17:27:05.000,0.15,19.26,0,0,2025-03-14 17:46:54.000,2025-03-14 17:54:28.000,2025-03-14 18:10:46.000,16.3,7.56,0.87,27.38,43.83,MULTI_MERCHANT,Delivery,iOS,Uber Eats,,ab20a62f-a0ca-477e-8ba4-f5db3d7aceb2
Garcon SuperSlice Pizza Pie Parlor,,United States,USA,Boston,655FA,2a2cef13-5574-5a77-b468-b3b684981a55,completed,completed,0,1,0,,1,USD,24.0,2025-03-14,2025-03-14 17:36:42.000,,2025-03-14 17:36:54.000,0.18,17.92,0,0,2025-03-14 17:51:22.000,2025-03-14 18:01:02.000,2025-03-14 18:16:10.000,15.13,9.66,1.67,24.13,39.45,MULTI_MERCHANT,Delivery,iOS,Uber Eats,UBER_ONE,76909ff4-7ef0-465a-abb8-9727ae3655fa
Garcon SuperSlice Pizza Pie Parlor,,United States,USA,Boston,326EA,5649ec3b-495b-5a33-9281-926538eefbea,completed,completed,0,1,0,,3,USD,49.0,2025-03-14,2025-03-14 18:20:38.000,,2025-03-14 18:20:49.000,0.18,18.44,0,0,2025-03-14 18:42:44.000,2025-03-14 18:46:25.000,2025-03-14 18:54:43.000,8.3,3.68,0.78,25.6,34.08,NON_BATCHED,Delivery,iOS,Uber Eats,UBER_ONE,ef9f32ea-9588-41c2-a652-c1d8804326ea
Garcon SuperSlice Pizza Pie Parlor,,United States,USA,Boston,00886,73e294bf-f367-53a2-9b2f-be8b36d6d34c,completed,completed,0,1,0,,3,USD,50.0,2025-03-14,2025-03-14 18:25:27.000,,2025-03-14 18:25:40.000,0.22,18.57,0,0,2025-03-14 18:43:02.000,2025-03-14 18:49:18.000,2025-03-14 19:09:37.000,20.31,6.26,2.31,23.63,44.17,NON_BATCHED,Delivery,iOS,Uber Eats,UBER_ONE,21f088b5-9aad-4f0c-b0e7-fb27b6800886
Garcon SuperSlice Pizza Pie Parlor,,United States,USA,Boston,E1756,08c37fbc-ee22-5e50-8fd2-0e58bfcbfff6,completed,completed,0,1,0,,6,USD,129.0,2025-03-14,2025-03-14 19:08:51.000,,2025-03-14 19:09:18.000,0.45,36.49,1,15.18,2025-03-14 19:47:18.000,2025-03-14 19:54:00.000,2025-03-14 20:04:15.000,10.25,6.7,1.35,44.7,55.4,MULTI_MERCHANT,Delivery,iOS,Uber Eats,UBER_ONE,95ddec8c-942f-42c8-bd64-d880438e1756
Garcon SuperSlice Pizza Pie Parlor,,United States,USA,Boston,805B2,38f2f10b-4dba-5c87-bfa1-060dac67cf83,canceled,canceled,0,0,0,restaurant,2,USD,0.0,2025-03-14,2025-03-14 21:11:40.000,2025-03-14 21:20:21.000,2025-03-14 21:19:21.000,5.75,22.93,0,0,2025-03-14 21:19:59.000,,,,0,,,,,Delivery,iOS,Uber Eats,,a93789bb-b8a7-4953-bb99-f54a13f805b2
Garcon SuperSlice Pizza Pie Parlor,,United States,USA,Boston,8BCE0,20373fb7-7c61-59e2-9c5f-f112f8b8f3cb,completed,completed,0,1,0,,6,USD,107.0,2025-03-15,2025-03-15 14:06:29.000,,2025-03-15 14:06:42.000,0.22,20.44,0,0,2025-03-15 14:24:33.000,2025-03-15 14:29:46.000,2025-03-15 14:45:44.000,15.96,5.21,1.12,23.07,39.25,NON_BATCHED,Delivery,iOS,Uber Eats,,618cb06d-c59d-4c47-8a05-e6f12248bce0
Garcon SuperSlice Pizza Pie Parlor,,United States,USA,Boston,DA991,dd1275aa-de2d-5303-b2ac-e68974cc62e2,completed,completed,0,1,0,,1,USD,27.0,2025-03-15,2025-03-15 17:00:13.000,,2025-03-15 17:00:23.000,0.17,13.16,0,0,2025-03-15 17:19:22.000,2025-03-15 17:21:21.000,2025-03-15 17:28:18.000,6.95,1.98,2.13,20.97,28.08,NON_BATCHED,Delivery,Android,Uber Eats,UBER_ONE,f947eb11-fe34-4276-95f3-e47fb4fda991
Garcon SuperSlice Pizza Pie Parlor,,United States,USA,Boston,7EE61,5715ef1a-8c33-50e9-b9eb-de44bdda1849,completed,completed,0,1,0,,2,USD,28.0,2025-03-15,2025-03-15 18:08:21.000,,2025-03-15 18:08:43.000,0.37,13.72,0,0,2025-03-15 18:20:46.000,2025-03-15 18:29:04.000,2025-03-15 18:35:06.000,6.03,8.3,2.6,20.35,26.75,NON_BATCHED,Delivery,iOS,Uber Eats,,c4708d43-7118-4316-9336-e6291687ee61
Garcon SuperSlice Pizza Pie Parlor,,United States,USA,Boston,911D5,77baebe5-3bfa-505c-8a5c-f90033a6735f,canceled,unfulfilled,0,0,0,restaurant,3,USD,0.0,2025-03-15,2025-03-15 20:54:12.000,2025-03-15 21:09:41.000,2025-03-15 20:54:21.000,0.15,14.96,0,0,,,,,0,,,,,Delivery,iOS,Uber Eats,,62b17e83-b932-4712-8a2c-dc42e31911d5
Garcon SuperSlice Pizza Pie Parlor,,United States,USA,Boston,F41B9,6b1ce8d4-da88-599d-be55-3f15b6cbb2d3,completed,completed,0,1,0,,2,USD,44.0,2025-03-15,2025-03-15 21:09:27.000,,2025-03-15 21:09:45.000,0.3,20.77,0,0,2025-03-15 21:20:02.000,2025-03-15 21:22:10.000,2025-03-15 21:28:17.000,6.11,2.13,1.05,12.42,18.82,NON_BATCHED,Delivery,iOS,Uber Eats,,c0e6042d-228d-48b2-8208-d2de5e3f41b9
